FY,Consulting,Integration,Facility Maintenance,Training,Total revenue,EBITDA,PAT,Revenue growth %,PAT growth %
FY27-28,90,120,25,15,250,46.9,25.7,,
FY28-29,130.5,180.0,42.5,24.0,377.0,81.3,50.0,50.8,94.3
FY29-30,185.3,261.0,68.0,36.0,550.3,129.5,84.2,46.0,68.3
FY30-31,259.4,370.6,102.0,52.2,784.3,195.7,132.5,42.5,57.4
FY31-32,358.0,518.9,147.9,73.1,1097.9,285.2,196.6,40.0,48.4
FY32-33,483.3,705.7,207.1,99.4,1495.4,398.6,280.0,36.2,42.4
FY33-34,647.7,945.6,285.7,133.2,2012.2,547.3,386.7,34.6,38.1
FY34-35,861.4,1257.6,385.8,175.8,2680.6,740.0,525.2,33.2,35.8
FY35-36,1137.0,1660.1,516.9,230.3,3544.3,989.6,704.9,32.2,34.2
FY36-37,1500.9,2174.7,687.5,299.4,4662.4,1315.8,940.0,31.5,33.4
